"id","FirstName","LastName","UserName","Email","Avatar","Gender","DoB","Address"
"2051","Alfonzo","Koelpin","alfonzo.koelpin","alfonzo.koelpin@email.com","https://robohash.org/maioresdistinctioillum.png?size=300x300&set=set1","Male","2003-07-11","Lanelle Plains,2911 Ardell Shore,Colorado,United States"
"5471","Alina","Kuvalis","alina.kuvalis","alina.kuvalis@email.com","https://robohash.org/itaqueutvero.png?size=300x300&set=set1","Bigender","1984-10-18","Doyle Plains,6574 Heller Manors,Missouri,United States"
"132","Amado","Larson","amado.larson","amado.larson@email.com","https://robohash.org/dolorconsequaturmaxime.png?size=300x300&set=set1","Female","1985-07-03","Monahan Summit,341 Conn Circle,New York,United States"
"2156","Andre","Kshlerin","andre.kshlerin","andre.kshlerin@email.com","https://robohash.org/autlaborumvoluptatem.png?size=300x300&set=set1","Polygender","1968-04-18","Stoltenberg Locks,437 Price Ramp,Utah,United States"
"3701","Charla","Morar","charla.morar","charla.morar@email.com","https://robohash.org/utmolestiaeillo.png?size=300x300&set=set1","Female","1982-04-14","Ron Tunnel,7113 Jamison Route,Arizona,United States"
"192","Colton","Price","colton.price","colton.price@email.com","https://robohash.org/quisminimamodi.png?size=300x300&set=set1","Genderfluid","1970-12-28","Jana Grove,3477 Donnelly Well,Delaware,United States"
"5851","Elsy","Stanton","elsy.stanton","elsy.stanton@email.com","https://robohash.org/uttemporibusexpedita.png?size=300x300&set=set1","Male","1990-11-27","Cary Freeway,2245 Lashaunda Unions,South Dakota,United States"
"9638","Rozanne","O'Reilly","rozanne.o'reilly","rozanne.o'reilly@email.com","https://robohash.org/explicaboestnon.png?size=300x300&set=set1","Male","1964-02-18","Wilderman Junction,58307 Ryan Garden,North Carolina,United States"
"5215","Sook","Walker","sook.walker","sook.walker@email.com","https://robohash.org/remadconsequatur.png?size=300x300&set=set1","Bigender","1979-04-15","Predovic Light,20380 Milan Overpass,South Dakota,United States"
"409","Tianna","Barrows","tianna.barrows","tianna.barrows@email.com","https://robohash.org/idvoluptatemet.png?size=300x300&set=set1","Agender","1962-03-21","Roob Ridge,275 Charise Inlet,Virginia,United States"